274999,274771,274975,274895,229065,228466,228393,227891,
195424,195930,195236,195807,161604,161649,161243,161426,
370869,370783,370330,370159,315696,315573,314366,314268,
239049,238765,239142,238751,220481,220450,220557,220445,
306654,307422,306348,307294,248728,248503,247269,247041,
309590,309484,309212,309141,262542,262542,262435,262465,
192971,191240,192839,190783,170076,167501,169405,166623,
381750,382015,381383,381721,327343,327225,326288,326298,
398923,399247,397724,397883,375618,375698,374625,374823,
202330,202300,198639,198438,187393,187383,184262,183998,
288531,288919,286836,286803,248898,248695,247610,247359,
287292,286853,287202,286530,254908,254506,253877,253232,
277639,277462,276325,276209,241840,241703,240893,240787,
326508,326526,325629,325539,289039,288918,288148,288126,
298238,297988,296654,296021,258051,257429,255353,254555,
164905,165287,164555,164837,144682,144717,143988,144060,
294263,294183,293606,293224,266947,266744,265084,264552,
310387,310336,309833,308840,272885,272368,271014,270152,
275323,274452,275851,274521,253484,253081,254094,253469,
268709,268492,268717,268347,227612,227178,227267,226774,
243608,242795,243598,242615,210042,209008,209929,209067,
223515,223836,219258,217221,208750,207506,204980,204616,
277214,277246,277044,277049,233615,233509,233631,233477,
342156,342070,340155,339903,309475,309146,307139,307005,
285286,285235,284419,284428,291290,291515,290197,290185,
312216,312270,311310,311394,270608,270369,267664,267568,
392875,392965,392102,392077,356257,356263,355067,355104,
247521,246606,246402,245022,210334,208983,208919,207475,
274089,274046,273320,272934,248943,248808,247403,246943,
375815,375742,374412,374312,315354,315194,311987,311885,
321068,320282,316262,316284,265956,265880,264193,264028,
238250,233466,238034,233123,209468,206010,209121,205483,
337920,337536,338007,337418,311796,311399,311797,311067,
236117,234804,235929,234269,222971,221606,222168,220331,
363481,362149,363443,361790,326602,325243,325231,323402,
373261,373269,370034,369925,314354,314234,310101,310017,
201607,201427,199185,199856,179608,178732,180250,180019,
312944,312899,311232,311203,277424,277331,272794,272559,
131469,131473,131656,131473,118240,118193,118281,118193,
273307,273297,272917,272921,262997,262999,262767,262775,
392388,392378,391944,391985,345120,345130,344301,344329,
322236,322173,322201,322153,260422,260222,260481,260178,
322871,322006,322813,321933,294791,294743,293824,293823,
301851,301856,301072,301209,243208,242562,241991,241760,
365752,364412,367052,364360,305330,303977,304586,302575,
162303,162037,162250,161892,151836,152053,151761,151851,
299869,299617,299813,299487,263581,263159,262981,262428,
408631,408487,408406,408120,337582,337139,335598,335207,
309978,309788,309617,309334,259654,259227,258419,257675,
382493,381019,380781,379400,329264,327935,326216,324988,
184066,180989,184857,180836,176067,174317,175456,173166,
351301,351109,350936,350564,311207,310551,305744,305463,
299143,298991,290364,290245,248894,248446,243480,243495,
300430,300401,298070,297249,277928,277566,275859,275621,
268089,265697,268123,265879,235766,234461,236106,234447,
398317,396807,397940,395995,366234,365626,364134,363377,
266004,266254,265272,265034,239325,239321,237324,236900,
234279,233565,232972,231889,215236,214589,213508,212748,
268544,266585,268280,266347,230206,229892,228740,227976,
285448,284472,284980,283737,248802,248076,247530,246883,
382947,382988,381977,382051,337619,337539,335303,335243,
274317,274143,274123,273888,251170,250386,250938,250293,
383989,383985,382581,382491,344257,344262,342363,342336,
293118,291645,291792,290571,251296,251119,251000,250243,
242215,241727,243176,241445,219006,218867,220176,218918,
230067,229979,228646,228332,212647,212279,210525,210257,
335472,335313,333242,333611,279165,278707,276245,275900,
200999,200669,199992,199240,177072,176341,176455,175465,
240250,238878,240316,238500,226568,226134,227235,226036,
345345,345326,344221,344131,313700,313627,310030,309922,
285311,282975,285415,282922,246838,245412,246857,245347,
332503,331171,331798,330345,288471,288351,287043,286499,
259948,259568,256600,256211,250748,250684,246644,246455,
333736,332603,333495,332463,297953,297112,295472,294903,
340904,340855,340171,340174,295860,295860,295208,295223,
251519,251543,249207,249080,225056,225028,221434,221305,
239395,239590,239290,239651,195855,195790,195449,195540,
217288,216779,217470,216701,205482,204932,205836,204738,
339760,339675,338995,338779,290064,289935,287320,287137,
314406,313928,313569,313423,253539,253426,253009,252928,
252917,252622,252137,251746,212187,211259,211175,210496,
381388,381269,377233,377213,310632,310392,305087,305075,
384915,384891,383263,383280,307324,306920,299568,299423,
361459,361426,360752,360731,321769,321783,320931,320957,
310704,310075,310547,309850,277774,277596,277354,276938,
187015,188101,187264,187428,171631,171389,172071,171492,
287765,287058,287767,287058,246873,246174,246882,246174,
337715,337739,333548,333534,315192,315203,309289,309280,
323245,323074,323755,323693,275087,274915,274091,273989,
358574,357411,358640,357430,303455,302748,303736,302758,
319157,318668,320244,318922,277567,277245,277660,277094,
290847,290833,289874,289868,264384,264254,261851,261717,
450212,450284,449850,449944,362541,362531,362246,362086,
209380,208505,210053,208710,190142,189117,190155,188296,
183752,182427,186990,182456,164433,163699,165429,163699,
275381,274859,273738,273193,236076,235364,234657,234160,
241997,241841,241505,240676,223724,222983,221605,220804,
347946,347953,342519,342486,330998,330897,324865,324873,
322177,322210,321924,321699,286862,286683,285990,285581,
376254,376239,375771,375697,330831,330713,327789,327395,
328985,327784,336687,329375,296028,293991,303286,294943,
907931,905798,916409,906173,795695,794757,794013,789480,
576033,575576,576171,570279,530810,529598,527622,523631,
633396,627911,642678,630238,592801,589107,601778,590114,
588059,586837,584164,582939,521028,519808,510363,507629,
635495,631568,642935,633685,596993,594581,601918,593815,
522555,522550,527059,517750,499999,499895,504317,496871,
879122,875283,862398,855182,860086,856259,841197,836086,
357394,356280,362200,356326,296123,295666,299142,295701,
2565740,2565691,2551665,2546784,2225283,2215678,2202691,2191851,
2926595,2925943,2913934,2912562,2516223,2509150,2481128,2475027,
1059138,1058356,1057760,1049338,902641,901685,898684,890748,
309800,309809,305565,306621,268277,268459,264265,265185,
833402,832924,834854,831007,769199,767329,754745,750680,
943028,948509,946893,966671,730782,731515,732640,764000,
377136,363389,388529,362607,350936,339631,359287,338553,
385741,361680,388555,361677,362680,338381,364896,338458,
318818,286331,321412,286949,297015,260970,297969,261467,
658868,656620,661864,688168,510384,507318,511540,525438,
297353,294741,301722,294976,238180,237397,241859,237342,
227153,221005,229544,221012,203013,199698,204698,199714,
325746,314965,330115,315020,290622,279114,293691,279142,
1078435,1108860,1078894,1124971,817988,833923,818605,844202,
393422,375079,397760,375059,325775,306293,327477,306266,
485119,481270,520535,481444,425525,423885,458406,424248,
376336,371749,379147,371239,350394,346502,352740,346142,
303307,300084,305343,300068,225947,223743,227093,223736,
77088,75005,80681,75007,74761,75277,78122,75278,
420805,412664,425623,412935,384480,374440,388009,374826,
504203,481249,508687,509640,419825,406868,421808,432968,
891891,883098,892762,904712,769344,753861,770175,766048,
549041,531099,556414,558270,458662,445241,465782,468094,
161697,161041,163437,160792,153346,152602,154150,152379,
762671,762559,766384,760540,672863,670724,667606,664414,
263708,262539,272052,262955,235357,234603,239856,234704,
265231,265055,268267,264595,241676,240253,243367,239973,
1062235,1060786,975637,972646,1003932,1003289,891875,890503,
59779,57519,60773,57676,59914,59949,60907,60184,
1576430,1576322,1585797,1571469,1478564,1478007,1470047,1455331,
1606518,1606445,1614545,1600775,1504660,1503969,1495420,1481420,
1608542,1608832,1633765,1611810,1518451,1518384,1534826,1518065,
1397949,1397839,1397760,1397370,1308484,1307662,1306343,1304604,
333851,333612,337724,333277,288081,286904,292435,287213,
196183,195079,200289,195267,175952,174657,179422,174852,
302894,302345,309241,302871,276237,275327,280740,275752,
319967,318634,326659,319140,287245,286233,292282,286314,
279754,278827,286507,278933,176234,175926,179789,175957,
375390,375601,377007,375929,310433,310069,311891,310902,
46887,44866,47916,44972,44863,44411,44933,44459,
5867,6063,6037,6063,5171,5269,5293,5269,
6121,6084,6512,6084,5281,5258,5528,5258,
128018,128862,128849,129342,102719,102622,104946,102453,
103411,103024,103461,102809,87555,87237,88575,87254,
7662,7399,7908,7430,7750,7661,7798,7676,
139812,137944,144694,137967,128466,126999,130894,127076,
540887,540414,540017,536598,465078,462386,461221,456547,
90930,91005,91454,90746,81295,81255,81711,81230,
73477,65355,74199,65362,82087,82391,82146,82395,
322056,321188,308597,312429,197992,196272,196515,194649,
41357,40712,41200,40502,35100,34674,35033,34600,
210377,210625,196175,197543,194672,194402,184042,185147,
321397,321346,299214,299504,289601,289184,267612,267895,
507097,507210,472875,472783,440877,431037,399869,400327,
41970,41530,45021,42060,33271,32849,34584,33106,
399458,399458,376078,376575,362464,354492,333125,333150,
386421,386421,329912,330388,350772,340171,301559,302187,
422781,422781,379206,379264,388392,386760,356494,357068,
53055,53209,48493,49091,44752,44593,41563,42108,
171437,171440,148395,148364,169539,167766,147620,147624,
198397,198574,193471,193839,179197,178876,169657,168917,
327548,327546,305168,305180,298233,293685,275969,275707,
9907,9833,10112,9833,9659,9587,9771,9598,
139921,138345,139102,137101,131140,127303,127215,125409,
401850,401850,341312,341312,381357,375129,330582,330744,
1148910,1149340,1048784,1048641,1017204,1015286,887944,887616,
27371,25656,28741,26139,20515,19611,21006,19853,
64005,61952,64448,62086,55875,53558,56129,53489,
350482,350423,308681,308708,349022,348641,308881,308937,
507557,507354,465167,465119,487556,487131,456886,457329,
231246,231174,230462,228428,213092,212965,208965,207588,
469155,469155,412333,412333,436875,434848,387087,387305,
283547,283515,265677,268067,256997,253812,240277,240747,
37975,32335,40412,32429,42236,43912,43270,44110,
519746,519611,464439,464236,502887,503056,443408,443206,
3746,3738,3822,3750,3732,3731,3783,3750,
465411,464619,474677,463971,466680,465253,474820,464061,
378867,377204,373895,373504,338354,337020,323862,323284,
104613,103249,103955,102460,100283,99200,100525,99175,
53162,53114,53711,53136,43061,42963,42791,42639,
281370,278694,285321,278837,263124,263048,265404,263001,
3444,3581,3444,3577,3645,3639,3645,3643,
6498,6626,6548,6628,6410,6440,6442,6439,
10703,10954,10786,10954,10659,10649,10693,10649,
13251,13061,13424,13101,12925,12583,12958,12595,
209522,207098,212463,207103,168964,166104,170362,166105,
1162545,1163040,1163463,1156686,1046195,1045346,1038539,1032198,
273276,273072,276759,272889,261913,261606,264291,260233,
2054,2136,2325,2136,2010,2033,2262,2033,
95765,96064,98426,95887,84555,84818,87003,84649,
181434,181368,180600,179567,166886,165522,164903,162650,
